{
    "name": "root",
    "metadata": {
        "timer_format_version": "0.1.0",
        "start_time_seconds": "1681586947",
        "python_version": "3.7.9 (tags/v3.7.9:13c94747c7, Aug 17 2020, 18:58:18) [MSC v.1900 64 bit (AMD64)]",
        "command_line_arguments": "C:\\Users\\crazy\\Documents\\Github\\SeniorCapstone\\ML\\venv\\Scripts\\mlagents-learn config\\trainer_config.yaml --force",
        "mlagents_version": "0.29.0",
        "mlagents_envs_version": "0.29.0",
        "communication_protocol_version": "1.5.0",
        "pytorch_version": "1.7.1+cu110",
        "numpy_version": "1.21.2",
        "end_time_seconds": "1681586993"
    },
    "total": 46.5848179,
    "count": 1,
    "self": 0.009207699999997487,
    "children": {
        "run_training.setup": {
            "total": 0.12812230000000002,
            "count": 1,
            "self": 0.12812230000000002
        },
        "TrainerController.start_learning": {
            "total": 46.4474879,
            "count": 1,
            "self": 0.0014515999999318296,
            "children": {
                "TrainerController._reset_env": {
                    "total": 32.174645100000006,
                    "count": 1,
                    "self": 32.174645100000006
                },
                "TrainerController.advance": {
                    "total": 14.195639800000059,
                    "count": 56,
                    "self": 0.0017231000000847985,
                    "children": {
                        "env_step": {
                            "total": 14.173859799999953,
                            "count": 56,
                            "self": 13.693486499999928,
                            "children": {
                                "SubprocessEnvManager._take_step": {
                                    "total": 0.4796386000000368,
                                    "count": 56,
                                    "self": 0.0077884000000594256,
                                    "children": {
                                        "TorchPolicy.evaluate": {
                                            "total": 0.47185019999997735,
                                            "count": 54,
                                            "self": 0.09224149999995745,
                                            "children": {
                                                "TorchPolicy.sample_actions": {
                                                    "total": 0.3796087000000199,
                                                    "count": 54,
                                                    "self": 0.3796087000000199
                                                }
                                            }
                                        }
                                    }
                                },
                                "workers": {
                                    "total": 0.0007346999999882087,
                                    "count": 56,
                                    "self": 0.0,
                                    "children": {
                                        "worker_root": {
                                            "total": 15.756332099999998,
                                            "count": 56,
                                            "is_parallel": true,
                                            "self": 2.317655900000002,
                                            "children": {
                                                "steps_from_proto": {
                                                    "total": 0.0014074999999991178,
                                                    "count": 1,
                                                    "is_parallel": true,
                                                    "self": 0.0004172999999987326,
                                                    "children": {
                                                        "_process_rank_one_or_two_observation": {
                                                            "total": 0.0009902000000003852,
                                                            "count": 2,
                                                            "is_parallel": true,
                                                            "self": 0.0009902000000003852
                                                        }
                                                    }
                                                },
                                                "UnityEnvironment.step": {
                                                    "total": 13.437268699999997,
                                                    "count": 56,
                                                    "is_parallel": true,
                                                    "self": 0.03343320000006145,
                                                    "children": {
                                                        "UnityEnvironment._generate_step_input": {
                                                            "total": 0.08198369999997368,
                                                            "count": 56,
                                                            "is_parallel": true,
                                                            "self": 0.08198369999997368
                                                        },
                                                        "communicator.exchange": {
                                                            "total": 13.252609699999951,
                                                            "count": 56,
                                                            "is_parallel": true,
                                                            "self": 13.252609699999951
                                                        },
                                                        "steps_from_proto": {
                                                            "total": 0.06924210000001096,
                                                            "count": 56,
                                                            "is_parallel": true,
                                                            "self": 0.01722480000000104,
                                                            "children": {
                                                                "_process_rank_one_or_two_observation": {
                                                                    "total": 0.052017300000009925,
                                                                    "count": 112,
                                                                    "is_parallel": true,
                                                                    "self": 0.052017300000009925
                                                                }
                                                            }
                                                        }
                                                    }
                                                }
                                            }
                                        }
                                    }
                                }
                            }
                        },
                        "trainer_advance": {
                            "total": 0.02005690000002147,
                            "count": 55,
                            "self": 0.0015788000000043212,
                            "children": {
                                "process_trajectory": {
                                    "total": 0.01847810000001715,
                                    "count": 55,