{
    "name": "root",
    "metadata": {
        "timer_format_version": "0.1.0",
        "start_time_seconds": "1683871533",
        "python_version": "3.7.9 (tags/v3.7.9:13c94747c7, Aug 17 2020, 18:58:18) [MSC v.1900 64 bit (AMD64)]",
        "command_line_arguments": "C:\\Users\\crazy\\Documents\\Github\\SeniorCapstone\\ML\\venv\\Scripts\\mlagents-learn --force",
        "mlagents_version": "0.29.0",
        "mlagents_envs_version": "0.29.0",
        "communication_protocol_version": "1.5.0",
        "pytorch_version": "1.7.1+cu110",
        "numpy_version": "1.21.2",
        "end_time_seconds": "1683871677"
    },
    "total": 144.2921895,
    "count": 1,
    "self": 0.007643000000001621,
    "children": {
        "run_training.setup": {
            "total": 0.1194556,
            "count": 1,
            "self": 0.1194556
        },
        "TrainerController.start_learning": {
            "total": 144.1650909,
            "count": 1,
            "self": 0.09719809999984363,
            "children": {
                "TrainerController._reset_env": {
                    "total": 10.444571199999999,
                    "count": 1,
                    "self": 10.444571199999999
                },
                "TrainerController.advance": {
                    "total": 133.51438350000018,
                    "count": 3854,
                    "self": 0.09795890000054897,
                    "children": {
                        "env_step": {
                            "total": 129.32867419999985,
                            "count": 3854,
                            "self": 119.058827299999,
                            "children": {
                                "SubprocessEnvManager._take_step": {
                                    "total": 10.210358200000798,
                                    "count": 3854,
                                    "self": 0.31515320000051794,
                                    "children": {
                                        "TorchPolicy.evaluate": {
                                            "total": 9.89520500000028,
                                            "count": 3831,
                                            "self": 5.367035899999898,
                                            "children": {
                                                "TorchPolicy.sample_actions": {
                                                    "total": 4.528169100000381,
                                                    "count": 3831,
                                                    "self": 4.528169100000381
                                                }
                                            }
                                        }
                                    }
                                },
                                "workers": {
                                    "total": 0.05948870000006501,
                                    "count": 3853,
                                    "self": 0.0,
                                    "children": {
                                        "worker_root": {
                                            "total": 73.69587680000006,
                                            "count": 3853,
                                            "is_parallel": true,
                                            "self": 20.948030499999746,
                                            "children": {
                                                "steps_from_proto": {
                                                    "total": 0.0003373999999993771,
                                                    "count": 1,
                                                    "is_parallel": true,
                                                    "self": 0.00014039999999937436,
                                                    "children": {
                                                        "_process_rank_one_or_two_observation": {
                                                            "total": 0.00019700000000000273,
                                                            "count": 2,
                                                            "is_parallel": true,
                                                            "self": 0.00019700000000000273
                                                        }
                                                    }
                                                },
                                                "UnityEnvironment.step": {
                                                    "total": 52.74750890000032,
                                                    "count": 3853,
                                                    "is_parallel": true,
                                                    "self": 0.4333631000005127,
                                                    "children": {
                                                        "UnityEnvironment._generate_step_input": {
                                                            "total": 0.4989699999999857,
                                                            "count": 3853,
                                                            "is_parallel": true,
                                                            "self": 0.4989699999999857
                                                        },
                                                        "communicator.exchange": {
                                                            "total": 50.76052139999989,
                                                            "count": 3853,
                                                            "is_parallel": true,
                                                            "self": 50.76052139999989
                                                        },
                                                        "steps_from_proto": {
                                                            "total": 1.0546543999999294,
                                                            "count": 3853,
                                                            "is_parallel": true,
                                                            "self": 0.5344042999999363,
                                                            "children": {
                                                                "_process_rank_one_or_two_observation": {
                                                                    "total": 0.520250099999993,
                                                                    "count": 7706,
                                                                    "is_parallel": true,
                                                                    "self": 0.520250099999993
                                                                }
                                                            }
                                                        }
                                                    }
                                                }
                                            }
                                        }
                                    }
                                }
                            }
                        },
                        "trainer_advance": {
                            "total": 4.087750399999786,
                            "count": 3853,
                            "self": 0.11826479999991335,
                            "children": {
                                "process_trajectory": {
                                    "total": 1.4921183999998693,
                                    "count": 3853,
                                    "self": 1.4921183999998693
                                },
                                "_update_policy": {
                                    "total": 2.4773672000000033,