{
    "name": "root",
    "gauges": {
        "TankBehavior.Policy.Entropy.mean": {
            "value": 1.447480320930481,
            "min": 1.4269517660140991,
            "max": 1.4474931955337524,
            "count": 9
        },
        "TankBehavior.Policy.Entropy.sum": {
            "value": 72201.765625,
            "min": 71828.5546875,
            "max": 72477.359375,
            "count": 9
        },
        "TankBehavior.Environment.EpisodeLength.mean": {
            "value": 266.56024096385545,
            "min": 252.8031914893617,
            "max": 479.9433962264151,
            "count": 9
        },
        "TankBehavior.Environment.EpisodeLength.sum": {
            "value": 44249.0,
            "min": 33625.0,
            "max": 52817.0,
            "count": 9
        },
        "TankBehavior.Step.mean": {
            "value": 449959.0,
            "min": 49968.0,
            "max": 449959.0,
            "count": 9
        },
        "TankBehavior.Step.sum": {
            "value": 449959.0,
            "min": 49968.0,
            "max": 449959.0,
            "count": 9
        },
        "TankBehavior.Policy.ExtrinsicValueEstimate.mean": {
            "value": -1.4830574989318848,
            "min": -1.6881226301193237,
            "max": 7.756166934967041,
            "count": 9
        },
        "TankBehavior.Policy.ExtrinsicValueEstimate.sum": {
            "value": -1230.937744140625,
            "min": -1419.711181640625,
            "max": 6375.5693359375,
            "count": 9
        },
        "TankBehavior.Environment.CumulativeReward.mean": {
            "value": -7.296891486429306,
            "min": -7.427489256605189,
            "max": -5.135094156805074,
            "count": 9
        },
        "TankBehavior.Environment.CumulativeReward.sum": {
            "value": -1211.2839867472649,
            "min": -1396.3679802417755,
            "max": -530.1449800729752,
            "count": 9
        },
        "TankBehavior.Policy.ExtrinsicReward.mean": {
            "value": -7.296891486429306,
            "min": -7.427489256605189,
            "max": -5.135094156805074,
            "count": 9
        },
        "TankBehavior.Policy.ExtrinsicReward.sum": {
            "value": -1211.2839867472649,
            "min": -1396.3679802417755,
            "max": -530.1449800729752,
            "count": 9
        },
        "TankBehavior.Losses.PolicyLoss.mean": {
            "value": 0.022076724509824997,
            "min": 0.022076724509824997,
            "max": 0.04899038169241976,
            "count": 9
        },
        "TankBehavior.Losses.PolicyLoss.sum": {
            "value": 0.11038362254912498,
            "min": 0.10013588931178674,
            "max": 0.19596152676967904,
            "count": 9
        },
        "TankBehavior.Losses.ValueLoss.mean": {
            "value": 0.9984438840548198,
            "min": 0.9984438840548198,
            "max": 26.984328413009642,
            "count": 9
        },
        "TankBehavior.Losses.ValueLoss.sum": {
            "value": 4.992219420274099,
            "min": 4.595906329154968,
            "max": 107.93731365203857,
            "count": 9
        },
        "TankBehavior.Policy.LearningRate.mean": {
            "value": 4.715900428035999e-05,
            "min": 4.715900428035999e-05,
            "max": 0.00028460460513179996,
            "count": 9
        },
        "TankBehavior.Policy.LearningRate.sum": {
            "value": 0.00023579502140179994,
            "min": 0.00023579502140179994,
            "max": 0.0012842664719111998,
            "count": 9
        },
        "TankBehavior.Policy.Epsilon.mean": {
            "value": 0.11571964000000001,
            "min": 0.11571964000000001,
            "max": 0.19486820000000005,
            "count": 9
        },
        "TankBehavior.Policy.Epsilon.sum": {
            "value": 0.5785982000000001,
            "min": 0.4998584,
            "max": 0.9280888000000002,
            "count": 9
        },
        "TankBehavior.Policy.Beta.mean": {
            "value": 0.0007944100360000001,
            "min": 0.0007944100360000001,
            "max": 0.00474392318,
            "count": 9
        },
        "TankBehavior.Policy.Beta.sum": {
            "value": 0.0039720501800000006,
            "min": 0.0039720501800000006,
            "max": 0.02141163112,
            "count": 9
        },
        "TankBehavior.IsTraining.mean": {
            "value": 1.0,
            "min": 1.0,
            "max": 1.0,
            "count": 9
        },
        "TankBehavior.IsTraining.sum": {
            "value": 1.0,
            "min": 1.0,
            "max": 1.0,
            "count": 9
        }
    },
    "metadata": {
        "timer_format_version": "0.1.0",
        "start_time_seconds": "1681511406",
        "python_version": "3.7.9 (tags/v3.7.9:13c94747c7, Aug 17 2020, 18:58:18) [MSC v.1900 64 bit (AMD64)]",
        "command_line_arguments": "C:\\Users\\crazy\\Documents\\Github\\SeniorCapstone\\ML\\venv\\Scripts\\mlagents-learn --force",
        "mlagents_version": "0.29.0",
        "mlagents_envs_version": "0.29.0",
        "communication_protocol_version": "1.5.0",
        "pytorch_version": "1.7.1+cu110",
        "numpy_version": "1.21.2",
        "end_time_seconds": "1681512589"
    },
    "total": 1182.9361005,
    "count": 1,
    "self": 0.011069500000076005,
    "children": {
        "run_training.setup": {
            "total": 0.15008040000000022,
            "count": 1,
            "self": 0.15008040000000022
        },
        "TrainerController.start_learning": {
            "total": 1182.7749506,
            "count": 1,
            "self": 0.9076969999891844,
            "children": {
                "TrainerController._reset_env": {
                    "total": 19.1829354,
                    "count": 1,
                    "self": 19.1829354
                },
                "TrainerController.advance": {
                    "total": 1162.5658329000112,
                    "count": 31962,
                    "self": 0.9695790999990095,
                    "children": {
                        "env_step": {
                            "total": 994.8694549999994,
                            "count": 31962,
                            "self": 925.897463499999,
                            "children": {
                                "SubprocessEnvManager._take_step": {
                                    "total": 68.43289180000068,
                                    "count": 31962,
                                    "self": 3.08284610000446,
                                    "children": {
                                        "TorchPolicy.evaluate": {
                                            "total": 65.35004569999622,
                                            "count": 31094,
                                            "self": 29.6270194999912,
                                            "children": {
                                                "TorchPolicy.sample_actions": {
                                                    "total": 35.723026200005016,
                                                    "count": 31094,
                                                    "self": 35.723026200005016
                                                }
                                            }
                                        }
                                    }
                                },
                                "workers": {
                                    "total": 0.5390996999997526,
                                    "count": 31961,
                                    "self": 0.0,
                                    "children": {
                                        "worker_root": {
                                            "total": 1150.430859099999,
                                            "count": 31961,