{
    "name": "root",
    "gauges": {
        "TankBehavior.Policy.Entropy.mean": {
            "value": 1.4483106136322021,
            "min": 1.4254934787750244,
            "max": 1.4483106136322021,
            "count": 3
        },
        "TankBehavior.Policy.Entropy.sum": {
            "value": 73411.96875,
            "min": 72323.6953125,
            "max": 81834.7265625,
            "count": 3
        },
        "TankBehavior.Environment.EpisodeLength.mean": {
            "value": 142.80722891566265,
            "min": 72.77058823529411,
            "max": 142.80722891566265,
            "count": 3
        },
        "TankBehavior.Environment.EpisodeLength.sum": {
            "value": 23706.0,
            "min": 12371.0,
            "max": 23706.0,
            "count": 3
        },
        "TankBehavior.Step.mean": {
            "value": 149993.0,
            "min": 49981.0,
            "max": 149993.0,
            "count": 3
        },
        "TankBehavior.Step.sum": {
            "value": 149993.0,
            "min": 49981.0,
            "max": 149993.0,
            "count": 3
        },
        "TankBehavior.Policy.ExtrinsicValueEstimate.mean": {
            "value": -36.853797912597656,
            "min": -36.853797912597656,
            "max": -14.908610343933105,
            "count": 3
        },
        "TankBehavior.Policy.ExtrinsicValueEstimate.sum": {
            "value": -31436.291015625,
            "min": -31436.291015625,
            "max": -12627.5927734375,
            "count": 3
        },
        "TankBehavior.Environment.CumulativeReward.mean": {
            "value": -142.67085765643293,
            "min": -142.67085765643293,
            "max": -122.39589247142567,
            "count": 3
        },
        "TankBehavior.Environment.CumulativeReward.sum": {
            "value": -23683.362370967865,
            "min": -23683.362370967865,
            "max": -20807.301720142365,
            "count": 3
        },
        "TankBehavior.Policy.ExtrinsicReward.mean": {
            "value": -142.67085765643293,
            "min": -142.67085765643293,
            "max": -122.39589247142567,
            "count": 3
        },
        "TankBehavior.Policy.ExtrinsicReward.sum": {
            "value": -23683.362370967865,
            "min": -23683.362370967865,
            "max": -20807.301720142365,
            "count": 3
        },
        "TankBehavior.Losses.PolicyLoss.mean": {
            "value": 0.04387298613525645,
            "min": 0.04387298613525645,
            "max": 0.10310311617583713,
            "count": 3
        },
        "TankBehavior.Losses.PolicyLoss.sum": {
            "value": 0.1754919445410258,
            "min": 0.1754919445410258,
            "max": 0.4124124647033485,
            "count": 3
        },
        "TankBehavior.Losses.ValueLoss.mean": {
            "value": 498.74206938888085,
            "min": 214.1438226025514,
            "max": 498.74206938888085,
            "count": 3
        },
        "TankBehavior.Losses.ValueLoss.sum": {
            "value": 1994.9682775555234,
            "min": 856.5752904102056,
            "max": 1994.9682775555234,
            "count": 3
        },
        "TankBehavior.Policy.LearningRate.mean": {
            "value": 0.00029924060575313145,
            "min": 0.00029924060575313145,
            "max": 0.0002998223955592015,
            "count": 3
        },
        "TankBehavior.Policy.LearningRate.sum": {
            "value": 0.0011969624230125258,
            "min": 0.0011969624230125258,
            "max": 0.001199289582236806,
            "count": 3
        },
        "TankBehavior.Policy.Epsilon.mean": {
            "value": 0.19974686850000004,
            "min": 0.19974686850000004,
            "max": 0.19994079850000002,
            "count": 3
        },
        "TankBehavior.Policy.Epsilon.sum": {
            "value": 0.7989874740000001,
            "min": 0.7989874740000001,
            "max": 0.7997631940000001,
            "count": 3
        },
        "TankBehavior.Policy.Beta.mean": {
            "value": 0.00498736873815,
            "min": 0.00498736873815,
            "max": 0.00499704584515,
            "count": 3
        },
        "TankBehavior.Policy.Beta.sum": {
            "value": 0.0199494749526,
            "min": 0.0199494749526,
            "max": 0.0199881833806,
            "count": 3
        },
        "TankBehavior.IsTraining.mean": {
            "value": 1.0,
            "min": 1.0,
            "max": 1.0,
            "count": 3
        },
        "TankBehavior.IsTraining.sum": {
            "value": 1.0,
            "min": 1.0,
            "max": 1.0,
            "count": 3
        }
    },
    "metadata": {
        "timer_format_version": "0.1.0",
        "start_time_seconds": "1681610634",
        "python_version": "3.7.0 (v3.7.0:1bf9cc5093, Jun 27 2018, 04:59:51) [MSC v.1914 64 bit (AMD64)]",
        "command_line_arguments": "C:\\Users\\Zeta\\Documents\\GitHub\\SeniorCapstone\\ML\\venv\\Scripts\\mlagents-learn config\\trainer_config.yaml --force",
        "mlagents_version": "0.28.0",
        "mlagents_envs_version": "0.28.0",
        "communication_protocol_version": "1.5.0",
        "pytorch_version": "1.7.1+cu110",
        "numpy_version": "1.21.6",
        "end_time_seconds": "1681610777"
    },
    "total": 142.4698278,
    "count": 1,
    "self": 0.002763399999963667,
    "children": {
        "run_training.setup": {
            "total": 0.04032150000000001,
            "count": 1,
            "self": 0.04032150000000001
        },
        "TrainerController.start_learning": {
            "total": 142.42674290000002,
            "count": 1,
            "self": 0.015146300000083102,
            "children": {
                "TrainerController._reset_env": {
                    "total": 6.2643337,
                    "count": 1,
                    "self": 6.2643337
                },
                "TrainerController.advance": {
                    "total": 136.10695589999992,
                    "count": 1045,
                    "self": 0.016095300000159796,
                    "children": {
                        "env_step": {
                            "total": 113.6737054999999,
                            "count": 1045,
                            "self": 111.68638209999989,
                            "children": {
                                "SubprocessEnvManager._take_step": {
                                    "total": 1.9791298999999203,
                                    "count": 1045,
                                    "self": 0.06972980000000195,
                                    "children": {
                                        "TorchPolicy.evaluate": {
                                            "total": 1.9094000999999183,
                                            "count": 833,
                                            "self": 0.9633289999999413,
                                            "children": {
                                                "TorchPolicy.sample_actions": {
                                                    "total": 0.9460710999999771,
                                                    "count": 833,
                                                    "self": 0.9460710999999771
                                                }
                                            }
                                        }
                                    }
                                },
                                "workers": {
                                    "total": 0.008193500000095,
                                    "count": 1044,
                                    "self": 0.0,
                                    "children": {
                                        "worker_root": {
                                            "total": 74.74977670000014,
                                            "count": 1044,