{
    "name": "root",
    "gauges": {
        "TankBehavior.Policy.Entropy.mean": {
            "value": 1.5309768915176392,
            "min": 1.4622851610183716,
            "max": 1.5309768915176392,
            "count": 9
        },
        "TankBehavior.Policy.Entropy.sum": {
            "value": 76646.828125,
            "min": 25100.125,
            "max": 76646.828125,
            "count": 9
        },
        "TankBehavior.Step.mean": {
            "value": 949972.0,
            "min": 549966.0,
            "max": 949972.0,
            "count": 9
        },
        "TankBehavior.Step.sum": {
            "value": 949972.0,
            "min": 549966.0,
            "max": 949972.0,
            "count": 9
        },
        "TankBehavior.Policy.ExtrinsicValueEstimate.mean": {
            "value": -32.384761810302734,
            "min": -79.98162841796875,
            "max": -30.68321990966797,
            "count": 9
        },
        "TankBehavior.Policy.ExtrinsicValueEstimate.sum": {
            "value": -26555.50390625,
            "min": -65239.05078125,
            "max": -24314.4140625,
            "count": 9
        },
        "TankBehavior.Environment.EpisodeLength.mean": {
            "value": 317.5365853658537,
            "min": 133.29807692307693,
            "max": 317.5365853658537,
            "count": 9
        },
        "TankBehavior.Environment.EpisodeLength.sum": {
            "value": 26038.0,
            "min": 13863.0,
            "max": 65277.0,
            "count": 9
        },
        "TankBehavior.Environment.CumulativeReward.mean": {
            "value": -117.77968973648257,
            "min": -147.13857373051673,
            "max": -83.86358910727213,
            "count": 9
        },
        "TankBehavior.Environment.CumulativeReward.sum": {
            "value": -9657.934558391571,
            "min": -30087.774652004242,
            "max": -9043.232594013214,
            "count": 9
        },
        "TankBehavior.Policy.ExtrinsicReward.mean": {
            "value": -117.77968973648257,
            "min": -147.13857373051673,
            "max": -83.86358910727213,
            "count": 9
        },
        "TankBehavior.Policy.ExtrinsicReward.sum": {
            "value": -9657.934558391571,
            "min": -30087.774652004242,
            "max": -9043.232594013214,
            "count": 9
        },
        "TankBehavior.Losses.PolicyLoss.mean": {
            "value": 0.022451194600823024,
            "min": 0.022076692869086402,
            "max": 0.03203347338615761,
            "count": 9
        },
        "TankBehavior.Losses.PolicyLoss.sum": {
            "value": 0.11225597300411512,
            "min": 0.03203347338615761,
            "max": 0.1437707689370048,
            "count": 9
        },
        "TankBehavior.Losses.ValueLoss.mean": {
            "value": 1800.1039930216473,
            "min": 976.902377141317,
            "max": 4182.594812011719,
            "count": 9
        },
        "TankBehavior.Losses.ValueLoss.sum": {
            "value": 9000.519965108237,
            "min": 4182.594812011719,
            "max": 15479.310828653972,
            "count": 9
        },
        "TankBehavior.Policy.LearningRate.mean": {
            "value": 0.00029445166384944605,
            "min": 0.00029445166384944605,
            "max": 0.000296737657087448,
            "count": 9
        },
        "TankBehavior.Policy.LearningRate.sum": {
            "value": 0.0014722583192472304,
            "min": 0.000296737657087448,
            "max": 0.0014827644717451778,
            "count": 9
        },
        "TankBehavior.Policy.Epsilon.mean": {
            "value": 0.1981505540000001,
            "min": 0.1981505540000001,
            "max": 0.19891255200000008,
            "count": 9
        },
        "TankBehavior.Policy.Epsilon.sum": {
            "value": 0.9907527700000004,
            "min": 0.19891255200000008,
            "max": 0.9942548220000003,
            "count": 9
        },
        "TankBehavior.Policy.Beta.mean": {
            "value": 0.004907712644599999,
            "min": 0.004907712644599999,
            "max": 0.0049457363448,
            "count": 9
        },
        "TankBehavior.Policy.Beta.sum": {
            "value": 0.024538563222999996,
            "min": 0.0049457363448,
            "max": 0.024713315617799995,
            "count": 9
        },
        "TankBehavior.IsTraining.mean": {
            "value": 1.0,
            "min": 1.0,
            "max": 1.0,
            "count": 9
        },
        "TankBehavior.IsTraining.sum": {
            "value": 1.0,
            "min": 1.0,
            "max": 1.0,
            "count": 9
        }
    },
    "metadata": {
        "timer_format_version": "0.1.0",
        "start_time_seconds": "1681927935",
        "python_version": "3.7.9 (tags/v3.7.9:13c94747c7, Aug 17 2020, 18:58:18) [MSC v.1900 64 bit (AMD64)]",
        "command_line_arguments": "C:\\Users\\crazy\\Documents\\Github\\SeniorCapstone\\ML\\venv\\Scripts\\mlagents-learn config\\trainer_config.yaml --resume",
        "mlagents_version": "0.29.0",
        "mlagents_envs_version": "0.29.0",
        "communication_protocol_version": "1.5.0",
        "pytorch_version": "1.7.1+cu110",
        "numpy_version": "1.21.2",
        "end_time_seconds": "1681929501"
    },
    "total": 1565.2958079,
    "count": 1,
    "self": 0.007884400000193637,
    "children": {
        "run_training.setup": {
            "total": 0.13695269999999993,
            "count": 1,
            "self": 0.13695269999999993
        },
        "TrainerController.start_learning": {
            "total": 1565.1509707999999,
            "count": 1,
            "self": 0.8320116999955189,
            "children": {
                "TrainerController._reset_env": {
                    "total": 3.7525785999999997,
                    "count": 1,
                    "self": 3.7525785999999997
                },
                "TrainerController.advance": {
                    "total": 1560.4730091000044,
                    "count": 34622,
                    "self": 0.8633449000037672,
                    "children": {
                        "env_step": {
                            "total": 1426.0177397000216,
                            "count": 34622,
                            "self": 1358.4761230999904,
                            "children": {
                                "SubprocessEnvManager._take_step": {
                                    "total": 67.04202440002364,
                                    "count": 34624,
                                    "self": 2.7061634000065595,
                                    "children": {
                                        "TorchPolicy.evaluate": {
                                            "total": 64.33586100001708,
                                            "count": 33270,
                                            "self": 31.99326900001779,
                                            "children": {
                                                "TorchPolicy.sample_actions": {
                                                    "total": 32.342591999999286,
                                                    "count": 33270,
                                                    "self": 32.342591999999286
                                                }
                                            }
                                        }
                                    }
                                },
                                "workers": {
                                    "total": 0.49959220000759164,
                                    "count": 34621,
                                    "self": 0.0,
                                    "children": {
                                        "worker_root": {
                                            "total": 1509.1032990000167,