{
    "name": "root",
    "gauges": {
        "TankBehavior.Policy.Entropy.mean": {
            "value": 1.5823010206222534,
            "min": 1.4281094074249268,
            "max": 1.5823010206222534,
            "count": 17
        },
        "TankBehavior.Policy.Entropy.sum": {
            "value": 78597.640625,
            "min": 72653.6484375,
            "max": 78988.6875,
            "count": 17
        },
        "TankBehavior.Environment.EpisodeLength.mean": {
            "value": 101.93158953722335,
            "min": 82.24289405684755,
            "max": 456.0975609756098,
            "count": 17
        },
        "TankBehavior.Environment.EpisodeLength.sum": {
            "value": 50660.0,
            "min": 31828.0,
            "max": 66561.0,
            "count": 17
        },
        "TankBehavior.Step.mean": {
            "value": 849980.0,
            "min": 49987.0,
            "max": 849980.0,
            "count": 17
        },
        "TankBehavior.Step.sum": {
            "value": 849980.0,
            "min": 49987.0,
            "max": 849980.0,
            "count": 17
        },
        "TankBehavior.Policy.ExtrinsicValueEstimate.mean": {
            "value": 73.26298522949219,
            "min": -44.54838180541992,
            "max": 73.26298522949219,
            "count": 17
        },
        "TankBehavior.Policy.ExtrinsicValueEstimate.sum": {
            "value": 75460.875,
            "min": -40494.48046875,
            "max": 75460.875,
            "count": 17
        },
        "TankBehavior.Environment.CumulativeReward.mean": {
            "value": 169.04030892839393,
            "min": 6.298606680737411,
            "max": 224.68529904100316,
            "count": 17
        },
        "TankBehavior.Environment.CumulativeReward.sum": {
            "value": 84182.07384634018,
            "min": 2626.5189858675003,
            "max": 84182.07384634018,
            "count": 17
        },
        "TankBehavior.Policy.ExtrinsicReward.mean": {
            "value": 169.04030892839393,
            "min": 6.298606680737411,
            "max": 224.68529904100316,
            "count": 17
        },
        "TankBehavior.Policy.ExtrinsicReward.sum": {
            "value": 84182.07384634018,
            "min": 2626.5189858675003,
            "max": 84182.07384634018,
            "count": 17
        },
        "TankBehavior.Losses.PolicyLoss.mean": {
            "value": 0.02691774572915164,
            "min": 0.023305762812863878,
            "max": 0.07495732577569994,
            "count": 17
        },
        "TankBehavior.Losses.PolicyLoss.sum": {
            "value": 0.13458872864575822,
            "min": 0.09322305125145551,
            "max": 0.29982930310279976,
            "count": 17
        },
        "TankBehavior.Losses.ValueLoss.mean": {
            "value": 10566.262893880208,
            "min": 10.568100366592407,
            "max": 10566.262893880208,
            "count": 17
        },
        "TankBehavior.Losses.ValueLoss.sum": {
            "value": 52831.31446940104,
            "min": 52.84050183296203,
            "max": 52831.31446940104,
            "count": 17
        },
        "TankBehavior.Policy.LearningRate.mean": {
            "value": 0.0002950326040557992,
            "min": 0.0002950326040557992,
            "max": 0.00029983760105413296,
            "count": 17
        },
        "TankBehavior.Policy.LearningRate.sum": {
            "value": 0.0014751630202789962,
            "min": 0.00118741299419567,
            "max": 0.0014977402267532579,
            "count": 17
        },
        "TankBehavior.Policy.Epsilon.mean": {
            "value": 0.19834420079999998,
            "min": 0.19834420079999998,
            "max": 0.19994586700000005,
            "count": 17
        },
        "TankBehavior.Policy.Epsilon.sum": {
            "value": 0.991721004,
            "min": 0.7958043300000001,
            "max": 0.9992467420000002,
            "count": 17
        },
        "TankBehavior.Policy.Beta.mean": {
            "value": 0.0049173756199200015,
            "min": 0.0049173756199200015,
            "max": 0.0049972987633,
            "count": 17
        },
        "TankBehavior.Policy.Beta.sum": {
            "value": 0.02458687809960001,
            "min": 0.019790636067000003,
            "max": 0.024962412425800006,
            "count": 17
        },
        "TankBehavior.IsTraining.mean": {
            "value": 1.0,
            "min": 1.0,
            "max": 1.0,
            "count": 17
        },
        "TankBehavior.IsTraining.sum": {
            "value": 1.0,
            "min": 1.0,
            "max": 1.0,
            "count": 17
        }
    },
    "metadata": {
        "timer_format_version": "0.1.0",
        "start_time_seconds": "1681588942",
        "python_version": "3.7.9 (tags/v3.7.9:13c94747c7, Aug 17 2020, 18:58:18) [MSC v.1900 64 bit (AMD64)]",
        "command_line_arguments": "C:\\Users\\crazy\\Documents\\Github\\SeniorCapstone\\ML\\venv\\Scripts\\mlagents-learn config\\trainer_config.yaml --force",
        "mlagents_version": "0.29.0",
        "mlagents_envs_version": "0.29.0",
        "communication_protocol_version": "1.5.0",
        "pytorch_version": "1.7.1+cu110",
        "numpy_version": "1.21.2",
        "end_time_seconds": "1681592853"
    },
    "total": 3911.1417545,
    "count": 1,
    "self": 0.010521199999857345,
    "children": {
        "run_training.setup": {
            "total": 0.1372325000000001,
            "count": 1,
            "self": 0.1372325000000001
        },
        "TrainerController.start_learning": {
            "total": 3910.9940008,
            "count": 1,
            "self": 0.8293296000347254,
            "children": {
                "TrainerController._reset_env": {
                    "total": 55.533309200000005,
                    "count": 1,
                    "self": 55.533309200000005
                },
                "TrainerController.advance": {
                    "total": 3854.547063699965,
                    "count": 28256,
                    "self": 0.9010198999112617,
                    "children": {
                        "env_step": {
                            "total": 3569.381826300015,
                            "count": 28256,
                            "self": 3514.0205359999945,
                            "children": {
                                "SubprocessEnvManager._take_step": {
                                    "total": 54.90072049998532,
                                    "count": 28256,
                                    "self": 2.7179652000044427,
                                    "children": {
                                        "TorchPolicy.evaluate": {
                                            "total": 52.182755299980876,
                                            "count": 23911,
                                            "self": 25.421061299970248,
                                            "children": {
                                                "TorchPolicy.sample_actions": {
                                                    "total": 26.76169400001063,
                                                    "count": 23911,
                                                    "self": 26.76169400001063
                                                }
                                            }
                                        }
                                    }
                                },
                                "workers": {
                                    "total": 0.46056980003488945,
                                    "count": 28255,
                                    "self": 0.0,
                                    "children": {
                                        "worker_root": {
                                            "total": 3827.7807514000147,
                                            "count": 28255,