{
    "name": "root",
    "gauges": {
        "TankBehavior.Policy.Entropy.mean": {
            "value": 1.4187023639678955,
            "min": 1.4187023639678955,
            "max": 1.4361563920974731,
            "count": 7
        },
        "TankBehavior.Policy.Entropy.sum": {
            "value": 70886.8828125,
            "min": 7696.36181640625,
            "max": 71833.703125,
            "count": 7
        },
        "TankBehavior.Environment.EpisodeLength.mean": {
            "value": 246.990099009901,
            "min": 222.86995515695068,
            "max": 299.1764705882353,
            "count": 7
        },
        "TankBehavior.Environment.EpisodeLength.sum": {
            "value": 49892.0,
            "min": 5086.0,
            "max": 50307.0,
            "count": 7
        },
        "TankBehavior.Step.mean": {
            "value": 349949.0,
            "min": 49892.0,
            "max": 349949.0,
            "count": 7
        },
        "TankBehavior.Step.sum": {
            "value": 349949.0,
            "min": 49892.0,
            "max": 349949.0,
            "count": 7
        },
        "TankBehavior.Policy.ExtrinsicValueEstimate.mean": {
            "value": 16.177640914916992,
            "min": 2.4047913551330566,
            "max": 16.177640914916992,
            "count": 7
        },
        "TankBehavior.Policy.ExtrinsicValueEstimate.sum": {
            "value": 8007.9326171875,
            "min": 284.18524169921875,
            "max": 8007.9326171875,
            "count": 7
        },
        "TankBehavior.Environment.CumulativeReward.mean": {
            "value": 27.423820642096487,
            "min": -21.244274503942847,
            "max": 27.423820642096487,
            "count": 7
        },
        "TankBehavior.Environment.CumulativeReward.sum": {
            "value": 5512.187949061394,
            "min": -4397.56482231617,
            "max": 5512.187949061394,
            "count": 7
        },
        "TankBehavior.Policy.ExtrinsicReward.mean": {
            "value": 27.423820642096487,
            "min": -21.244274503942847,
            "max": 27.423820642096487,
            "count": 7
        },
        "TankBehavior.Policy.ExtrinsicReward.sum": {
            "value": 5512.187949061394,
            "min": -4397.56482231617,
            "max": 5512.187949061394,
            "count": 7
        },
        "TankBehavior.IsTraining.mean": {
            "value": 1.0,
            "min": 1.0,
            "max": 1.0,
            "count": 7
        },
        "TankBehavior.IsTraining.sum": {
            "value": 1.0,
            "min": 1.0,
            "max": 1.0,
            "count": 7
        },
        "TankBehavior.Losses.PolicyLoss.mean": {
            "value": 0.02383716830983758,
            "min": 0.0219828960703065,
            "max": 0.027317202466850477,
            "count": 6
        },
        "TankBehavior.Losses.PolicyLoss.sum": {
            "value": 0.1191858415491879,
            "min": 0.09661997541164359,
            "max": 0.13658601233425238,
            "count": 6
        },
        "TankBehavior.Losses.ValueLoss.mean": {
            "value": 908.7710628255209,
            "min": 908.7710628255209,
            "max": 1116.8093994140625,
            "count": 6
        },
        "TankBehavior.Losses.ValueLoss.sum": {
            "value": 4543.855314127604,
            "min": 4115.428403727214,
            "max": 5584.0469970703125,
            "count": 6
        },
        "TankBehavior.Policy.LearningRate.mean": {
            "value": 0.0002980642998452336,
            "min": 0.0002980642998452336,
            "max": 0.0002995461985512672,
            "count": 6
        },
        "TankBehavior.Policy.LearningRate.sum": {
            "value": 0.0014903214992261682,
            "min": 0.0011946024797991738,
            "max": 0.001497730992756336,
            "count": 6
        },
        "TankBehavior.Policy.Epsilon.mean": {
            "value": 0.19935476640000002,
            "min": 0.19935476640000002,
            "max": 0.19984873279999996,
            "count": 6
        },
        "TankBehavior.Policy.Epsilon.sum": {
            "value": 0.9967738320000001,
            "min": 0.7982008260000001,
            "max": 0.9992436639999998,
            "count": 6
        },
        "TankBehavior.Policy.Beta.mean": {
            "value": 0.00496780284336,
            "min": 0.00496780284336,
            "max": 0.00499245176672,
            "count": 6
        },
        "TankBehavior.Policy.Beta.sum": {
            "value": 0.0248390142168,
            "min": 0.019910221217399996,
            "max": 0.0249622588336,
            "count": 6
        }
    },
    "metadata": {
        "timer_format_version": "0.1.0",
        "start_time_seconds": "1682100858",
        "python_version": "3.7.9 (tags/v3.7.9:13c94747c7, Aug 17 2020, 18:58:18) [MSC v.1900 64 bit (AMD64)]",
        "command_line_arguments": "C:\\Users\\crazy\\Documents\\Github\\SeniorCapstone\\ML\\venv\\Scripts\\mlagents-learn config\\trainer_config.yaml --resume",
        "mlagents_version": "0.29.0",
        "mlagents_envs_version": "0.29.0",
        "communication_protocol_version": "1.5.0",
        "pytorch_version": "1.7.1+cu110",
        "numpy_version": "1.21.2",
        "end_time_seconds": "1682108383"
    },
    "total": 7525.453349300001,
    "count": 1,
    "self": 0.006188800000927586,
    "children": {
        "run_training.setup": {
            "total": 0.1832638000000002,
            "count": 1,
            "self": 0.1832638000000002
        },
        "TrainerController.start_learning": {
            "total": 7525.2638967,
            "count": 1,
            "self": 7.6976917998526915,
            "children": {
                "TrainerController._reset_env": {
                    "total": 32.001129799999994,
                    "count": 1,
                    "self": 32.001129799999994
                },
                "TrainerController.advance": {
                    "total": 7485.453678600148,
                    "count": 330567,
                    "self": 8.31004970030881,
                    "children": {
                        "env_step": {
                            "total": 7363.311070999797,
                            "count": 330567,
                            "self": 6648.211079399712,
                            "children": {
                                "SubprocessEnvManager._take_step": {
                                    "total": 709.9027250001034,
                                    "count": 330567,
                                    "self": 27.63407770041283,
                                    "children": {
                                        "TorchPolicy.evaluate": {
                                            "total": 682.2686472996905,
                                            "count": 329493,
                                            "self": 332.8746745994674,
                                            "children": {
                                                "TorchPolicy.sample_actions": {
                                                    "total": 349.3939727002231,
                                                    "count": 329493,
                                                    "self": 349.3939727002231
                                                }
                                            }
                                        }
                                    }
                                },
                                "workers": {
                                    "total": 5.197266599982321,
                                    "count": 330566,
                                    "self": 0.0,
                                    "children": {
                                        "worker_root": {
                                            "total": 7476.541552399691,
                                            "count": 330566,