{"count":1,"self":343.1118336,"total":455.2799665,"children":{"InitializeActuators":{"count":16,"self":0.0019943,"total":0.0019943,"children":null},"InitializeSensors":{"count":16,"self":0.00099739999999999985,"total":0.00099739999999999985,"children":null},"AgentSendState":{"count":48230,"self":0.8781817,"total":8.2143684,"children":{"CollectObservations":{"count":142021,"self":5.4589788,"total":5.4589789,"children":null},"WriteActionMask":{"count":142021,"self":0.14772929999999998,"total":0.14772929999999998,"children":null},"RequestDecision":{"count":142021,"self":0.5273592,"total":1.7294785,"children":{"AgentInfo.ToProto":{"count":142021,"self":0.4429182,"total":1.2021193,"children":{"GenerateSensorData":{"count":142021,"self":0.7592011,"total":0.7592011,"children":null}}}}}}},"DecideAction":{"count":48230,"self":102.68924799999999,"total":102.68925109999999,"children":null},"AgentAct":{"count":48230,"self":1.2535410999999999,"total":1.2535410999999999,"children":null},"AgentInfo.ToProto":{"count":363,"self":0.0059892,"total":0.0069863999999999994,"children":{"GenerateSensorData":{"count":363,"self":0.0009972,"total":0.0009972,"children":null}}}},"gauges":{"TankBehavior.CumulativeReward":{"count":363,"max":5971.57861,"min":-2663.83667,"runningAverage":-95.37721,"value":-104.216255,"weightedAverage":-35.58909}},"metadata":{"timer_format_version":"0.1.0","start_time_seconds":"1681929041","unity_version":"2021.3.16f1","command_line_arguments":"D:\\2021.3.16f1\\Editor\\Unity.exe -projectpath C:\\Users\\crazy\\Documents\\Github\\SeniorCapstone\\Game\\TankGame -useHub -hubIPC -cloudEnvironment production -licensingIpc LicenseClient-crazy -hubSessionId 91ebca50-da3e-11ed-9b7e-5316d23f1078 -accessToken otROA5E6y79XYYSEiDNErxOAzq1-o7OsVWgVUKGZpkA001f","communication_protocol_version":"1.5.0","com.unity.ml-agents_version":"2.0.1","scene_name":"MLPlayground","end_time_seconds":"1681929496"}}